﻿{
   "CodeGenerationMode": 2,
   "ContextClassName": "TEMSContext",
   "ContextNamespace": null,
   "DefaultDacpacSchema": null,
   "FilterSchemas": false,
   "IncludeConnectionString": true,
   "ModelNamespace": null,
   "OutputContextPath": null,
   "OutputPath": null,
   "PreserveCasingWithRegex": true,
   "ProjectRootNamespace": "TEMS.Data",
   "Schemas": null,
   "SelectedHandlebarsLanguage": 0,
   "SelectedToBeGenerated": 0,
   "Tables": [
      {
         "Name": "[dbo].[Events]",
         "ObjectType": 0
      },
      {
         "Name": "[dbo].[Speakers]",
         "ObjectType": 0
      },
      {
         "Name": "[dbo].[TalksDetails]",
         "ObjectType": 0
      },
      {
         "Name": "[dbo].[Venues]",
         "ObjectType": 0
      }
   ],
   "UiHint": "IN-LT-SPARE09\\SQL2019.TEMS",
   "UseBoolPropertiesWithoutDefaultSql": false,
   "UseDatabaseNames": false,
   "UseDbContextSplitting": false,
   "UseFluentApiOnly": true,
   "UseHandleBars": false,
   "UseHierarchyId": false,
   "UseInflector": false,
   "UseLegacyPluralizer": false,
   "UseManyToManyEntity": false,
   "UseNoConstructor": false,
   "UseNoDefaultConstructor": false,
   "UseNoNavigations": false,
   "UseNoObjectFilter": false,
   "UseNodaTime": false,
   "UseNullableReferences": false,
   "UseSchemaFolders": false,
   "UseSpatial": false,
   "UseT4": false
}